{"stats":{"minecraft:picked_up":{"minecraft:stone_brick_wall":2,"minecraft:stone_brick_stairs":1,"minecraft:soul_torch":1,"minecraft:grass_block":1,"minecraft:dirt":68,"minecraft:item_frame":1,"minecraft:arrow":1,"minecraft:bone":2,"minecraft:kelp":2,"minecraft:bow":1},"minecraft:killed":{"minecraft:skeleton":1,"minecraft:pillager":1,"minecraft:zombie":1,"minecraft:enderman":1},"minecraft:custom":{"minecraft:time_since_rest":295835,"minecraft:interact_with_smithing_table":2,"minecraft:interact_with_furnace":2,"minecraft:sprint_one_cm":92494,"minecraft:open_enderchest":1,"minecraft:damage_taken":160,"minecraft:walk_one_cm":98605,"minecraft:mob_kills":4,"minecraft:interact_with_anvil":1,"minecraft:damage_dealt":1008,"minecraft:interact_with_cartography_table":4,"minecraft:swim_one_cm":546,"minecraft:interact_with_crafting_table":3,"minecraft:fly_one_cm":296119,"minecraft:open_chest":4,"minecraft:play_time":295835,"minecraft:crouch_one_cm":6395,"minecraft:open_shulker_box":2,"minecraft:interact_with_loom":1,"minecraft:sneak_time":3933,"minecraft:walk_under_water_one_cm":14026,"minecraft:interact_with_brewingstand":1,"minecraft:jump":605,"minecraft:interact_with_grindstone":1,"minecraft:interact_with_stonecutter":1,"minecraft:interact_with_blast_furnace":1,"minecraft:leave_game":7,"minecraft:time_since_death":295835,"minecraft:walk_on_water_one_cm":4136,"minecraft:interact_with_smoker":1,"minecraft:total_world_time":295835,"minecraft:fall_one_cm":211},"minecraft:used":{"minecraft:oak_fence":3,"minecraft:orange_concrete_powder":6,"minecraft:dark_prismarine":12,"minecraft:netherite_sword":9,"minecraft:sea_lantern":5,"minecraft:end_rod":5,"minecraft:enchanting_table":1,"minecraft:crying_obsidian":48,"minecraft:grass_block":87,"minecraft:prismarine":30,"minecraft:barrier":20,"minecraft:cartography_table":1,"minecraft:lime_concrete_powder":11,"minecraft:chest":3,"minecraft:ender_chest":1,"minecraft:polished_blackstone_brick_stairs":13,"minecraft:item_frame":12,"minecraft:stonecutter":1,"minecraft:grass":3,"minecraft:netherrack":5,"minecraft:cracked_stone_bricks":3,"minecraft:stone_brick_stairs":35,"minecraft:stone_bricks":35,"minecraft:brewing_stand":1,"minecraft:bamboo_stairs":4,"minecraft:oak_leaves":7,"minecraft:glow_item_frame":15,"minecraft:glowstone":88,"minecraft:diamond_block":5,"minecraft:light_blue_concrete_powder":7,"minecraft:dirt":65,"minecraft:anvil":1,"minecraft:crafting_table":1,"minecraft:loom":1,"minecraft:grindstone":1,"minecraft:furnace":1,"minecraft:smithing_table":1,"minecraft:blast_furnace":1,"minecraft:chain":9,"minecraft:shulker_box":1,"minecraft:stone_brick_wall":18,"minecraft:kelp":13,"minecraft:cobbled_deepslate":9,"minecraft:smoker":1,"minecraft:seagrass":5,"minecraft:obsidian":78,"minecraft:soul_torch":6}},"DataVersion":3465}