{"stats":{"minecraft:killed":{"minecraft:spider":1},"minecraft:picked_up":{"minecraft:cooked_beef":1},"minecraft:dropped":{"minecraft:cooked_beef":1},"minecraft:used":{"minecraft:water_bucket":2,"minecraft:wooden_axe":1,"minecraft:glowstone":28,"minecraft:cracked_polished_blackstone_bricks":37,"minecraft:grass_block":26,"minecraft:barrier":46,"minecraft:polished_blackstone_brick_stairs":10,"minecraft:cooked_beef":3},"minecraft:custom":{"minecraft:time_since_rest":65537,"minecraft:crouch_one_cm":284,"minecraft:play_time":65537,"minecraft:sprint_one_cm":48629,"minecraft:damage_taken":90,"minecraft:walk_one_cm":43947,"minecraft:sneak_time":375,"minecraft:walk_under_water_one_cm":2323,"minecraft:mob_kills":1,"minecraft:drop":1,"minecraft:jump":338,"minecraft:damage_dealt":100,"minecraft:leave_game":4,"minecraft:walk_on_water_one_cm":1535,"minecraft:time_since_death":65537,"minecraft:total_world_time":65537,"minecraft:swim_one_cm":495,"minecraft:fall_one_cm":12136,"minecraft:fly_one_cm":106122},"minecraft:mined":{"minecraft:fire":2,"minecraft:birch_leaves":1,"minecraft:oak_leaves":20}},"DataVersion":3465}