{"stats":{"minecraft:picked_up":{"minecraft:cooked_beef":1,"minecraft:rotten_flesh":7,"minecraft:lime_concrete_powder":1},"minecraft:custom":{"minecraft:time_since_rest":96436,"minecraft:open_chest":2,"minecraft:crouch_one_cm":3781,"minecraft:play_time":96436,"minecraft:sprint_one_cm":23875,"minecraft:damage_taken":10,"minecraft:walk_one_cm":54637,"minecraft:sneak_time":1723,"minecraft:walk_under_water_one_cm":502,"minecraft:mob_kills":3,"minecraft:jump":226,"minecraft:damage_dealt":690,"minecraft:leave_game":5,"minecraft:walk_on_water_one_cm":107,"minecraft:time_since_death":96436,"minecraft:total_world_time":96436,"minecraft:fall_one_cm":1075,"minecraft:fly_one_cm":121858},"minecraft:killed":{"minecraft:skeleton":1,"minecraft:zombie":2},"minecraft:used":{"minecraft:oak_leaves":1,"minecraft:netherite_sword":7,"minecraft:glowstone":13,"minecraft:grass_block":1,"minecraft:barrier":2,"minecraft:lime_concrete_powder":2,"minecraft:chest":1,"minecraft:polished_blackstone_brick_stairs":4,"minecraft:cat_spawn_egg":1}},"DataVersion":3465}