{"stats":{"minecraft:killed":{"minecraft:pig":1,"minecraft:creeper":1,"minecraft:sheep":7,"minecraft:skeleton":3,"minecraft:zombie":8,"minecraft:chicken":1,"minecraft:cow":6},"minecraft:picked_up":{"minecraft:crafting_table":4,"minecraft:feather":1,"minecraft:cooked_beef":3,"minecraft:chicken":1,"minecraft:leather":6,"minecraft:oak_log":23,"minecraft:dirt":1,"minecraft:bone":4,"minecraft:orange_concrete_powder":6,"minecraft:beef":8,"minecraft:oak_boat":2,"minecraft:sugar_cane":8,"minecraft:oak_planks":1,"minecraft:furnace":1,"minecraft:egg":1,"minecraft:stick":2,"minecraft:raw_iron":25,"minecraft:torch":1,"minecraft:gravel":3,"minecraft:porkchop":2,"minecraft:white_bed":1,"minecraft:light_blue_concrete_powder":7,"minecraft:arrow":2,"minecraft:rotten_flesh":7,"minecraft:peony":1,"minecraft:granite":3,"minecraft:end_rod":5,"minecraft:oak_sapling":6,"minecraft:mutton":9,"minecraft:coal":100,"minecraft:white_wool":7,"minecraft:cobblestone":47},"minecraft:crafted":{"minecraft:oak_planks":48,"minecraft:stone_shovel":1,"minecraft:crafting_table":1,"minecraft:wooden_pickaxe":1,"minecraft:iron_helmet":1,"minecraft:furnace":1,"minecraft:stone_axe":1,"minecraft:air":0,"minecraft:oak_boat":1,"minecraft:iron_boots":1,"minecraft:iron_chestplate":1,"minecraft:shield":1,"minecraft:stick":16,"minecraft:iron_ingot":18,"minecraft:stone_pickaxe":1,"minecraft:stone_sword":1,"minecraft:white_bed":1,"minecraft:torch":36},"minecraft:dropped":{"minecraft:cooked_beef":4},"minecraft:used":{"minecraft:orange_concrete_powder":6,"minecraft:end_rod":4,"minecraft:stone_sword":99,"minecraft:stone_pickaxe":114,"minecraft:oak_planks":1,"minecraft:shield":4,"minecraft:wooden_pickaxe":16,"minecraft:torch":33,"minecraft:crafting_table":4,"minecraft:white_bed":1,"minecraft:stone_axe":16,"minecraft:light_blue_concrete_powder":7,"minecraft:cobblestone":13,"minecraft:furnace":1,"minecraft:oak_sapling":1,"minecraft:oak_boat":2,"minecraft:cooked_beef":11},"minecraft:custom":{"minecraft:interact_with_furnace":3,"minecraft:mob_kills":27,"minecraft:interact_with_crafting_table":7,"minecraft:leave_game":1,"minecraft:time_since_death":54711,"minecraft:sleep_in_bed":1,"minecraft:time_since_rest":29825,"minecraft:sprint_one_cm":138961,"minecraft:damage_taken":721,"minecraft:walk_one_cm":147824,"minecraft:damage_blocked_by_shield":140,"minecraft:drop":4,"minecraft:damage_dealt":3832,"minecraft:swim_one_cm":1866,"minecraft:fly_one_cm":119707,"minecraft:crouch_one_cm":16462,"minecraft:play_time":54711,"minecraft:sneak_time":5861,"minecraft:walk_under_water_one_cm":3001,"minecraft:boat_one_cm":23895,"minecraft:jump":805,"minecraft:walk_on_water_one_cm":7361,"minecraft:total_world_time":54711,"minecraft:fall_one_cm":20852},"minecraft:mined":{"minecraft:white_bed":1,"minecraft:oak_sapling":1,"minecraft:orange_concrete_powder":7,"minecraft:crafting_table":4,"minecraft:granite":3,"minecraft:grass_block":1,"minecraft:cobblestone":4,"minecraft:oak_planks":1,"minecraft:sugar_cane":4,"minecraft:furnace":1,"minecraft:light_blue_concrete_powder":5,"minecraft:iron_ore":26,"minecraft:peony":1,"minecraft:grass":2,"minecraft:oak_log":24,"minecraft:coal_ore":56,"minecraft:end_rod":4,"minecraft:stone":40,"minecraft:oak_leaves":3}},"DataVersion":3465}