{"stats":{"minecraft:killed":{"minecraft:sheep":2,"minecraft:skeleton":1},"minecraft:picked_up":{"minecraft:crafting_table":5,"minecraft:andesite":20,"minecraft:oak_log":26,"minecraft:lapis_lazuli":29,"minecraft:dirt":10,"minecraft:bone":2,"minecraft:cobbled_deepslate":145,"minecraft:iron_ingot":1,"minecraft:sugar_cane":8,"minecraft:oak_planks":3,"minecraft:furnace":1,"minecraft:raw_iron":28,"minecraft:diorite":9,"minecraft:redstone":18,"minecraft:light_blue_concrete_powder":1,"minecraft:diamond":11,"minecraft:end_rod":2,"minecraft:mutton":3,"minecraft:coal":46,"minecraft:lime_concrete_powder":2,"minecraft:white_wool":3,"minecraft:cobblestone":81},"minecraft:crafted":{"minecraft:oak_planks":28,"minecraft:crafting_table":1,"minecraft:wooden_pickaxe":1,"minecraft:iron_sword":1,"minecraft:furnace":1,"minecraft:stone_axe":1,"minecraft:air":0,"minecraft:iron_boots":1,"minecraft:iron_chestplate":1,"minecraft:diamond_pickaxe":1,"minecraft:shield":1,"minecraft:stick":16,"minecraft:iron_ingot":25,"minecraft:iron_pickaxe":1,"minecraft:stone_pickaxe":1,"minecraft:wooden_axe":1,"minecraft:iron_leggings":1},"minecraft:broken":{"minecraft:stone_pickaxe":1},"minecraft:dropped":{"minecraft:end_rod":1},"minecraft:used":{"minecraft:end_rod":1,"minecraft:stone_pickaxe":131,"minecraft:oak_planks":5,"minecraft:lime_concrete_powder":2,"minecraft:wooden_pickaxe":9,"minecraft:white_wool":1,"minecraft:dirt":7,"minecraft:crafting_table":5,"minecraft:oak_log":1,"minecraft:wooden_axe":4,"minecraft:iron_pickaxe":195,"minecraft:stone_axe":38,"minecraft:light_blue_concrete_powder":1,"minecraft:cobblestone":56,"minecraft:furnace":1,"minecraft:andesite":10,"minecraft:cooked_beef":2},"minecraft:custom":{"minecraft:interact_with_furnace":18,"minecraft:mob_kills":3,"minecraft:interact_with_crafting_table":17,"minecraft:leave_game":1,"minecraft:time_since_death":51484,"minecraft:time_since_rest":51484,"minecraft:sprint_one_cm":52249,"minecraft:damage_taken":180,"minecraft:walk_one_cm":122514,"minecraft:drop":1,"minecraft:damage_dealt":495,"minecraft:swim_one_cm":3988,"minecraft:fly_one_cm":40951,"minecraft:crouch_one_cm":8567,"minecraft:play_time":51484,"minecraft:sneak_time":4266,"minecraft:walk_under_water_one_cm":2098,"minecraft:jump":415,"minecraft:walk_on_water_one_cm":4272,"minecraft:total_world_time":51484,"minecraft:fall_one_cm":11169},"minecraft:mined":{"minecraft:deepslate_redstone_ore":4,"minecraft:deepslate_diamond_ore":11,"minecraft:crafting_table":5,"minecraft:grass_block":3,"minecraft:cobblestone":12,"minecraft:oak_planks":3,"minecraft:sugar_cane":3,"minecraft:diorite":9,"minecraft:furnace":1,"minecraft:light_blue_concrete_powder":1,"minecraft:iron_ore":27,"minecraft:andesite":20,"minecraft:deepslate_lapis_ore":4,"minecraft:grass":2,"minecraft:oak_log":26,"minecraft:coal_ore":25,"minecraft:end_rod":1,"minecraft:dirt":7,"minecraft:stone":71,"minecraft:white_wool":1,"minecraft:oak_leaves":10,"minecraft:deepslate":148}},"DataVersion":3465}