{"stats":{"minecraft:killed":{"minecraft:skeleton":1,"minecraft:sheep":15,"minecraft:chicken":4,"minecraft:spider":1,"minecraft:cow":6},"minecraft:picked_up":{"minecraft:stone":3,"minecraft:raw_iron":25,"minecraft:crafting_table":3,"minecraft:feather":4,"minecraft:chicken":4,"minecraft:leather":5,"minecraft:beacon":1,"minecraft:tuff":1,"minecraft:oak_log":17,"minecraft:diorite":2,"minecraft:lapis_lazuli":15,"minecraft:dirt":1,"minecraft:raw_gold":7,"minecraft:granite":2,"minecraft:beef":15,"minecraft:oak_boat":2,"minecraft:mutton":23,"minecraft:coal":26,"minecraft:white_wool":15,"minecraft:cobblestone":41,"minecraft:furnace":3},"minecraft:crafted":{"minecraft:oak_boat":1,"minecraft:oak_planks":24,"minecraft:shield":1,"minecraft:crafting_table":1,"minecraft:stick":12,"minecraft:iron_pickaxe":1,"minecraft:iron_ingot":8,"minecraft:wooden_pickaxe":1,"minecraft:stone_pickaxe":1,"minecraft:furnace":3,"minecraft:torch":4,"minecraft:stone_axe":1,"minecraft:air":0},"minecraft:dropped":{"minecraft:dirt":1,"minecraft:wooden_pickaxe":1,"minecraft:stone_pickaxe":1},"minecraft:used":{"minecraft:diorite":2,"minecraft:stone_pickaxe":67,"minecraft:iron_pickaxe":33,"minecraft:shield":4,"minecraft:wooden_pickaxe":6,"minecraft:iron_sword":14,"minecraft:torch":3,"minecraft:stone_axe":36,"minecraft:cobblestone":3,"minecraft:crafting_table":3,"minecraft:furnace":3,"minecraft:oak_boat":2,"minecraft:cooked_beef":3},"minecraft:custom":{"minecraft:time_since_rest":18558,"minecraft:interact_with_furnace":6,"minecraft:sprint_one_cm":49326,"minecraft:damage_taken":126,"minecraft:walk_one_cm":30144,"minecraft:damage_blocked_by_shield":150,"minecraft:mob_kills":27,"minecraft:drop":3,"minecraft:damage_dealt":2370,"minecraft:swim_one_cm":968,"minecraft:interact_with_crafting_table":6,"minecraft:fly_one_cm":84259,"minecraft:open_chest":2,"minecraft:crouch_one_cm":3188,"minecraft:play_time":18558,"minecraft:sneak_time":1783,"minecraft:walk_under_water_one_cm":88,"minecraft:boat_one_cm":44010,"minecraft:jump":403,"minecraft:leave_game":1,"minecraft:time_since_death":18558,"minecraft:walk_on_water_one_cm":618,"minecraft:total_world_time":18558,"minecraft:fall_one_cm":12744},"minecraft:mined":{"minecraft:tuff":1,"minecraft:furnace":3,"minecraft:iron_ore":19,"minecraft:crafting_table":3,"minecraft:grass":2,"minecraft:oak_log":17,"minecraft:grass_block":1,"minecraft:coal_ore":25,"minecraft:deepslate_iron_ore":7,"minecraft:beacon":1,"minecraft:lapis_ore":2,"minecraft:deepslate_gold_ore":7,"minecraft:stone":39,"minecraft:diorite":2}},"DataVersion":3465}