{"stats":{"minecraft:killed":{"minecraft:zombie":2},"minecraft:picked_up":{"minecraft:stick":3,"minecraft:crafting_table":1,"minecraft:oak_log":19,"minecraft:diorite":15,"minecraft:dirt":1,"minecraft:light_blue_concrete_powder":2,"minecraft:rotten_flesh":2,"minecraft:orange_concrete_powder":2,"minecraft:granite":9,"minecraft:end_rod":3,"minecraft:oak_sapling":3,"minecraft:coal":22,"minecraft:lime_concrete_powder":2,"minecraft:cobblestone":76},"minecraft:crafted":{"minecraft:oak_planks":64,"minecraft:crafting_table":1,"minecraft:stick":8,"minecraft:wooden_pickaxe":1,"minecraft:stone_pickaxe":2,"minecraft:stone_sword":1,"minecraft:stone_axe":1},"minecraft:killed_by":{"minecraft:creeper":1},"minecraft:dropped":{"minecraft:lime_concrete_powder":2,"minecraft:oak_sapling":1,"minecraft:light_blue_concrete_powder":2,"minecraft:end_rod":1},"minecraft:used":{"minecraft:oak_log":3,"minecraft:orange_concrete_powder":2,"minecraft:diorite":6,"minecraft:end_rod":1,"minecraft:stone_pickaxe":113,"minecraft:wooden_pickaxe":9,"minecraft:stone_axe":9,"minecraft:dirt":1,"minecraft:crafting_table":1,"minecraft:oak_sapling":2,"minecraft:cooked_beef":2},"minecraft:custom":{"minecraft:time_since_rest":5486,"minecraft:sprint_one_cm":56816,"minecraft:damage_taken":385,"minecraft:walk_one_cm":65998,"minecraft:mob_kills":2,"minecraft:drop":6,"minecraft:damage_dealt":568,"minecraft:swim_one_cm":16721,"minecraft:interact_with_crafting_table":3,"minecraft:fly_one_cm":57238,"minecraft:crouch_one_cm":8631,"minecraft:play_time":28924,"minecraft:deaths":1,"minecraft:sneak_time":4011,"minecraft:walk_under_water_one_cm":3004,"minecraft:jump":208,"minecraft:leave_game":1,"minecraft:walk_on_water_one_cm":2131,"minecraft:time_since_death":5457,"minecraft:total_world_time":28924,"minecraft:fall_one_cm":5049},"minecraft:mined":{"minecraft:light_blue_concrete_powder":2,"minecraft:orange_concrete_powder":1,"minecraft:crafting_table":1,"minecraft:granite":9,"minecraft:coal_ore":22,"minecraft:oak_log":18,"minecraft:grass_block":1,"minecraft:lime_concrete_powder":2,"minecraft:end_rod":2,"minecraft:stone":76,"minecraft:diorite":15,"minecraft:oak_leaves":1}},"DataVersion":3465}