{"stats":{"minecraft:picked_up":{"minecraft:white_banner":1,"minecraft:cobbled_deepslate":14,"minecraft:glowstone_dust":25,"minecraft:dirt":32,"minecraft:ender_pearl":1},"minecraft:killed":{"minecraft:cat":1,"minecraft:pillager":1,"minecraft:zombie":1,"minecraft:creeper":1,"minecraft:enderman":2},"minecraft:custom":{"minecraft:time_since_rest":181543,"minecraft:crouch_one_cm":161,"minecraft:play_time":286280,"minecraft:sprint_one_cm":24579,"minecraft:deaths":2,"minecraft:damage_taken":410,"minecraft:walk_one_cm":45692,"minecraft:sneak_time":886,"minecraft:walk_under_water_one_cm":1883,"minecraft:mob_kills":7,"minecraft:jump":240,"minecraft:damage_dealt":1789,"minecraft:leave_game":4,"minecraft:walk_on_water_one_cm":2277,"minecraft:time_since_death":181514,"minecraft:total_world_time":286280,"minecraft:swim_one_cm":2057,"minecraft:fall_one_cm":5152,"minecraft:fly_one_cm":188541},"minecraft:used":{"minecraft:item_frame":1,"minecraft:smooth_basalt":3,"minecraft:wooden_axe":3,"minecraft:netherite_sword":15,"minecraft:black_wool":32,"minecraft:glowstone":58,"minecraft:grass_block":86,"minecraft:prismarine":11,"minecraft:polished_blackstone_brick_stairs":1,"minecraft:cobbled_deepslate":10,"minecraft:obsidian":34}},"DataVersion":3465}